x-axis,1,2,3
second,Volt,Ampere,Volt
-5.0000E+00,+2.8761E+00,+3.5587E+00,+3.6941E+00
-4.9900E+00,+2.8777E+00,+3.5900E+00,+3.6956E+00
-4.9800E+00,+2.8758E+00,+3.5900E+00,+3.6941E+00
-4.9700E+00,+2.8767E+00,+3.5744E+00,+3.6956E+00
-4.9600E+00,+2.8761E+00,+3.5744E+00,+3.6941E+00
-4.9500E+00,+2.8764E+00,+3.5587E+00,+3.6941E+00
-4.9400E+00,+2.8771E+00,+3.5900E+00,+3.6956E+00
-4.9300E+00,+2.8764E+00,+3.5900E+00,+3.6956E+00
-4.9200E+00,+2.8761E+00,+3.5744E+00,+3.6956E+00
-4.9100E+00,+2.8764E+00,+3.5900E+00,+3.6941E+00
-4.9000E+00,+2.8761E+00,+3.5744E+00,+3.6941E+00
-4.8900E+00,+2.8761E+00,+3.5900E+00,+3.6941E+00
-4.8800E+00,+2.8761E+00,+3.5744E+00,+3.6941E+00
-4.8700E+00,+2.8767E+00,+3.5744E+00,+3.6941E+00
-4.8600E+00,+2.8764E+00,+3.5744E+00,+3.6956E+00
-4.8500E+00,+2.8764E+00,+3.5900E+00,+3.6956E+00
-4.8400E+00,+2.8761E+00,+3.5744E+00,+3.6956E+00
-4.8300E+00,+2.8755E+00,+3.5900E+00,+3.6925E+00
-4.8200E+00,+2.8758E+00,+3.5900E+00,+3.6956E+00
-4.8100E+00,+2.8767E+00,+3.6056E+00,+3.6956E+00
-4.8000E+00,+2.8755E+00,+3.5900E+00,+3.6941E+00
-4.7900E+00,+2.8761E+00,+3.5900E+00,+3.6941E+00
-4.7800E+00,+2.8749E+00,+3.5900E+00,+3.6956E+00
-4.7700E+00,+2.8761E+00,+3.5744E+00,+3.6941E+00
-4.7600E+00,+2.8764E+00,+3.5744E+00,+3.6925E+00
-4.7500E+00,+2.8761E+00,+3.5587E+00,+3.6941E+00
-4.7400E+00,+2.8752E+00,+3.5900E+00,+3.6925E+00
-4.7300E+00,+2.8764E+00,+3.5744E+00,+3.6956E+00
-4.7200E+00,+2.8761E+00,+3.5900E+00,+3.6925E+00
-4.7100E+00,+2.8764E+00,+3.5744E+00,+3.6972E+00
-4.7000E+00,+2.8761E+00,+3.5587E+00,+3.6956E+00
-4.6900E+00,+2.8767E+00,+3.5587E+00,+3.6987E+00
-4.6800E+00,+2.8761E+00,+3.5587E+00,+3.6956E+00
-4.6700E+00,+2.8767E+00,+3.5587E+00,+3.6956E+00
-4.6600E+00,+2.8767E+00,+3.5275E+00,+3.6941E+00
-4.6500E+00,+2.8764E+00,+3.5431E+00,+3.6909E+00
-4.6400E+00,+2.8761E+00,+3.5275E+00,+3.6972E+00
-4.6300E+00,+2.8764E+00,+3.5119E+00,+3.7003E+00
-4.6200E+00,+2.8761E+00,+3.5119E+00,+3.6972E+00
-4.6100E+00,+2.8761E+00,+3.4806E+00,+3.6987E+00
-4.6000E+00,+2.8764E+00,+3.4806E+00,+3.6987E+00
-4.5900E+00,+2.8767E+00,+3.4650E+00,+3.7003E+00
-4.5800E+00,+2.8761E+00,+3.4337E+00,+3.7003E+00
-4.5700E+00,+2.8771E+00,+3.4181E+00,+3.7019E+00
-4.5600E+00,+2.8761E+00,+3.3869E+00,+3.7034E+00
-4.5500E+00,+2.8764E+00,+3.3712E+00,+3.6941E+00
-4.5400E+00,+2.8761E+00,+3.3556E+00,+3.7034E+00
-4.5300E+00,+2.8767E+00,+3.3244E+00,+3.7066E+00
-4.5200E+00,+2.8764E+00,+3.2931E+00,+3.7050E+00
-4.5100E+00,+2.8767E+00,+3.2775E+00,+3.7066E+00
-4.5000E+00,+2.8764E+00,+3.2462E+00,+3.7097E+00
-4.4900E+00,+2.8771E+00,+3.2150E+00,+3.7081E+00
-4.4800E+00,+2.8764E+00,+3.1837E+00,+3.7081E+00
-4.4700E+00,+2.8771E+00,+3.1369E+00,+3.7050E+00
-4.4600E+00,+2.8730E+00,+3.1212E+00,+3.3972E+00
-4.4500E+00,+2.8742E+00,+3.1056E+00,+3.7112E+00
-4.4400E+00,+2.8739E+00,+3.0587E+00,+3.7144E+00
-4.4300E+00,+2.8752E+00,+3.0431E+00,+3.7128E+00
-4.4200E+00,+2.8746E+00,+3.0119E+00,+3.7175E+00
-4.4100E+00,+2.8761E+00,+2.9806E+00,+3.6487E+00
-4.4000E+00,+2.8739E+00,+2.9337E+00,+3.7159E+00
-4.3900E+00,+2.8746E+00,+2.8869E+00,+3.7159E+00
-4.3800E+00,+2.8733E+00,+2.8712E+00,+3.7159E+00
-4.3700E+00,+2.8752E+00,+2.8244E+00,+3.7206E+00
-4.3600E+00,+2.8752E+00,+2.8087E+00,+3.7206E+00
-4.3500E+00,+2.8755E+00,+2.7619E+00,+3.7159E+00
-4.3400E+00,+2.8749E+00,+2.7306E+00,+3.7191E+00
-4.3300E+00,+2.8755E+00,+2.6994E+00,+3.7222E+00
-4.3200E+00,+2.8746E+00,+2.6525E+00,+3.7253E+00
-4.3100E+00,+2.8761E+00,+2.6369E+00,+3.7253E+00
-4.3000E+00,+2.8749E+00,+2.5587E+00,+3.7050E+00
-4.2900E+00,+2.8746E+00,+2.5587E+00,+3.7128E+00
-4.2800E+00,+2.8730E+00,+2.4962E+00,+3.3972E+00
-4.2700E+00,+2.8736E+00,+2.4650E+00,+3.7159E+00
-4.2600E+00,+2.8714E+00,+2.4181E+00,+3.3972E+00
-4.2500E+00,+2.8714E+00,+2.3869E+00,+3.4894E+00
-4.2400E+00,+2.8708E+00,+2.3556E+00,+3.3972E+00
-4.2300E+00,+2.8708E+00,+2.3244E+00,+3.7112E+00
-4.2200E+00,+2.8711E+00,+2.2931E+00,+3.7237E+00
-4.2100E+00,+2.8724E+00,+2.2462E+00,+3.7253E+00
-4.2000E+00,+2.8730E+00,+2.1994E+00,+3.7159E+00
-4.1900E+00,+2.8727E+00,+2.1837E+00,+3.5191E+00
-4.1800E+00,+2.8802E+00,+2.1681E+00,+3.3972E+00
-4.1700E+00,+2.8724E+00,+2.1212E+00,+3.7237E+00
-4.1600E+00,+2.8739E+00,+2.0900E+00,+3.7237E+00
-4.1500E+00,+2.8742E+00,+2.0744E+00,+3.7191E+00
-4.1400E+00,+2.8736E+00,+2.0587E+00,+3.6956E+00
-4.1300E+00,+2.8746E+00,+2.0275E+00,+3.7206E+00
-4.1200E+00,+2.8742E+00,+2.0119E+00,+3.7206E+00
-4.1100E+00,+2.8755E+00,+1.9962E+00,+3.7191E+00
-4.1000E+00,+2.8752E+00,+1.9806E+00,+3.7191E+00
-4.0900E+00,+2.8749E+00,+1.9650E+00,+3.6144E+00
-4.0800E+00,+2.8749E+00,+1.9494E+00,+3.5987E+00
-4.0700E+00,+2.8727E+00,+1.9337E+00,+3.7159E+00
-4.0600E+00,+2.8733E+00,+1.9025E+00,+3.7144E+00
-4.0500E+00,+2.8733E+00,+1.9181E+00,+3.7019E+00
-4.0400E+00,+2.8736E+00,+1.9025E+00,+3.7019E+00
-4.0300E+00,+2.8733E+00,+1.8712E+00,+3.6862E+00
-4.0200E+00,+2.8727E+00,+1.8556E+00,+3.3972E+00
-4.0100E+00,+2.8739E+00,+1.8712E+00,+3.7034E+00
-4.0000E+00,+2.8739E+00,+1.8712E+00,+3.7034E+00
-3.9900E+00,+2.8749E+00,+1.8556E+00,+3.7019E+00
-3.9800E+00,+2.8739E+00,+1.8712E+00,+3.3972E+00
-3.9700E+00,+2.8749E+00,+1.8556E+00,+3.7003E+00
-3.9600E+00,+2.8752E+00,+1.8244E+00,+3.6972E+00
-3.9500E+00,+2.8746E+00,+1.8400E+00,+3.6956E+00
-3.9400E+00,+2.8752E+00,+1.8400E+00,+3.6925E+00
-3.9300E+00,+2.8758E+00,+1.8400E+00,+3.5862E+00
-3.9200E+00,+2.8752E+00,+1.8556E+00,+3.6847E+00
-3.9100E+00,+2.8761E+00,+1.8712E+00,+3.6862E+00
-3.9000E+00,+2.8749E+00,+1.8712E+00,+3.6862E+00
-3.8900E+00,+2.8758E+00,+1.8556E+00,+3.6816E+00
-3.8800E+00,+2.8755E+00,+1.8869E+00,+3.6831E+00
-3.8700E+00,+2.8758E+00,+1.9025E+00,+3.6534E+00
-3.8600E+00,+2.8749E+00,+1.9025E+00,+3.6753E+00
-3.8500E+00,+2.8746E+00,+1.9025E+00,+3.6706E+00
-3.8400E+00,+2.8752E+00,+1.9337E+00,+3.6675E+00
-3.8300E+00,+2.8755E+00,+1.9494E+00,+3.6659E+00
-3.8200E+00,+2.8746E+00,+1.9962E+00,+3.6628E+00
-3.8100E+00,+2.8749E+00,+2.0119E+00,+3.6581E+00
-3.8000E+00,+2.8742E+00,+2.0119E+00,+3.6566E+00
-3.7900E+00,+2.8749E+00,+2.0587E+00,+3.6550E+00
-3.7800E+00,+2.8752E+00,+2.0587E+00,+3.6487E+00
-3.7700E+00,+2.8733E+00,+2.1056E+00,+3.6456E+00
-3.7600E+00,+2.8730E+00,+2.1369E+00,+3.6425E+00
-3.7500E+00,+2.8736E+00,+2.1837E+00,+3.6394E+00
-3.7400E+00,+2.8727E+00,+2.1837E+00,+3.6362E+00
-3.7300E+00,+2.8742E+00,+2.2306E+00,+3.6331E+00
-3.7200E+00,+2.8739E+00,+2.2619E+00,+3.6316E+00
-3.7100E+00,+2.8755E+00,+2.2931E+00,+3.6269E+00
-3.7000E+00,+2.8746E+00,+2.3087E+00,+3.6269E+00
-3.6900E+00,+2.8727E+00,+2.3400E+00,+3.6175E+00
-3.6800E+00,+2.8730E+00,+2.3869E+00,+3.6191E+00
-3.6700E+00,+2.8736E+00,+2.4025E+00,+3.6144E+00
-3.6600E+00,+2.8730E+00,+2.4494E+00,+3.6097E+00
-3.6500E+00,+2.8730E+00,+2.4650E+00,+3.6050E+00
-3.6400E+00,+2.8730E+00,+2.5119E+00,+3.6003E+00
-3.6300E+00,+2.8739E+00,+2.5431E+00,+3.6019E+00
-3.6200E+00,+2.8730E+00,+2.5744E+00,+3.5972E+00
-3.6100E+00,+2.8739E+00,+2.6056E+00,+3.5909E+00
-3.6000E+00,+2.8730E+00,+2.6525E+00,+3.5894E+00
-3.5900E+00,+2.8733E+00,+2.6837E+00,+3.5894E+00
-3.5800E+00,+2.8739E+00,+2.6994E+00,+3.5862E+00
-3.5700E+00,+2.8730E+00,+2.7462E+00,+3.5816E+00
-3.5600E+00,+2.8730E+00,+2.7775E+00,+3.5784E+00
-3.5500E+00,+2.8733E+00,+2.8087E+00,+3.5753E+00
-3.5400E+00,+2.8730E+00,+2.8400E+00,+3.5737E+00
-3.5300E+00,+2.8736E+00,+2.8869E+00,+3.5675E+00
-3.5200E+00,+2.8727E+00,+2.9025E+00,+3.5691E+00
-3.5100E+00,+2.8727E+00,+2.9337E+00,+3.5628E+00
-3.5000E+00,+2.8730E+00,+2.9806E+00,+3.5597E+00
-3.4900E+00,+2.8727E+00,+3.0275E+00,+3.5612E+00
-3.4800E+00,+2.8721E+00,+3.0431E+00,+3.5566E+00
-3.4700E+00,+2.8724E+00,+3.0587E+00,+3.5566E+00
-3.4600E+00,+2.8721E+00,+3.0744E+00,+3.5487E+00
-3.4500E+00,+2.8724E+00,+3.1369E+00,+3.5456E+00
-3.4400E+00,+2.8714E+00,+3.1681E+00,+3.5456E+00
-3.4300E+00,+2.8711E+00,+3.1681E+00,+3.5456E+00
-3.4200E+00,+2.8724E+00,+3.1837E+00,+3.5441E+00
-3.4100E+00,+2.8717E+00,+3.2150E+00,+3.5441E+00
-3.4000E+00,+2.8717E+00,+3.2462E+00,+3.5394E+00
-3.3900E+00,+2.8724E+00,+3.2462E+00,+3.5362E+00
-3.3800E+00,+2.8714E+00,+3.2462E+00,+3.5362E+00
-3.3700E+00,+2.8727E+00,+3.2619E+00,+3.5347E+00
-3.3600E+00,+2.8727E+00,+3.3087E+00,+3.5362E+00
-3.3500E+00,+2.8721E+00,+3.3244E+00,+3.5347E+00
-3.3400E+00,+2.8705E+00,+3.3244E+00,+3.5316E+00
-3.3300E+00,+2.8714E+00,+3.3087E+00,+3.5331E+00
-3.3200E+00,+2.8711E+00,+3.3400E+00,+3.5331E+00
-3.3100E+00,+2.8714E+00,+3.3712E+00,+3.5316E+00
-3.3000E+00,+2.8714E+00,+3.3869E+00,+3.5316E+00
-3.2900E+00,+2.8721E+00,+3.3869E+00,+3.5331E+00
-3.2800E+00,+2.8711E+00,+3.4025E+00,+3.5316E+00
-3.2700E+00,+2.8714E+00,+3.4025E+00,+3.5316E+00
-3.2600E+00,+2.8717E+00,+3.4181E+00,+3.5347E+00
-3.2500E+00,+2.8717E+00,+3.4181E+00,+3.5347E+00
-3.2400E+00,+2.8711E+00,+3.4181E+00,+3.5331E+00
-3.2300E+00,+2.8711E+00,+3.4337E+00,+3.5331E+00
-3.2200E+00,+2.8711E+00,+3.4337E+00,+3.5331E+00
-3.2100E+00,+2.8721E+00,+3.4650E+00,+3.5347E+00
-3.2000E+00,+2.8717E+00,+3.4494E+00,+3.5362E+00
-3.1900E+00,+2.8717E+00,+3.4494E+00,+3.5378E+00
-3.1800E+00,+2.8711E+00,+3.4650E+00,+3.5409E+00
-3.1700E+00,+2.8714E+00,+3.4494E+00,+3.5362E+00
-3.1600E+00,+2.8711E+00,+3.4494E+00,+3.5394E+00
-3.1500E+00,+2.8711E+00,+3.4494E+00,+3.5394E+00
-3.1400E+00,+2.8714E+00,+3.4650E+00,+3.5456E+00
-3.1300E+00,+2.8721E+00,+3.4494E+00,+3.5425E+00
-3.1200E+00,+2.8714E+00,+3.4494E+00,+3.5472E+00
-3.1100E+00,+2.8717E+00,+3.4337E+00,+3.5472E+00
-3.1000E+00,+2.8717E+00,+3.4494E+00,+3.5487E+00
-3.0900E+00,+2.8714E+00,+3.4337E+00,+3.5487E+00
-3.0800E+00,+2.8708E+00,+3.4181E+00,+3.5487E+00
-3.0700E+00,+2.8714E+00,+3.4025E+00,+3.5503E+00
-3.0600E+00,+2.8721E+00,+3.4025E+00,+3.5534E+00
-3.0500E+00,+2.8714E+00,+3.3869E+00,+3.5550E+00
-3.0400E+00,+2.8721E+00,+3.3712E+00,+3.5581E+00
-3.0300E+00,+2.8727E+00,+3.3400E+00,+3.5612E+00
-3.0200E+00,+2.8717E+00,+3.3244E+00,+3.5644E+00
-3.0100E+00,+2.8730E+00,+3.3244E+00,+3.5628E+00
-3.0000E+00,+2.8724E+00,+3.3244E+00,+3.5659E+00
-2.9900E+00,+2.8717E+00,+3.3087E+00,+3.5644E+00
-2.9800E+00,+2.8727E+00,+3.2931E+00,+3.5706E+00
-2.9700E+00,+2.8721E+00,+3.2306E+00,+3.5722E+00
-2.9600E+00,+2.8721E+00,+3.2150E+00,+3.5753E+00
-2.9500E+00,+2.8721E+00,+3.2150E+00,+3.5753E+00
-2.9400E+00,+2.8733E+00,+3.1994E+00,+3.5769E+00
-2.9300E+00,+2.8721E+00,+3.1837E+00,+3.5784E+00
-2.9200E+00,+2.8721E+00,+3.1369E+00,+3.5800E+00
-2.9100E+00,+2.8730E+00,+3.1212E+00,+3.5847E+00
-2.9000E+00,+2.8724E+00,+3.0744E+00,+3.5816E+00
-2.8900E+00,+2.8724E+00,+3.0900E+00,+3.5862E+00
-2.8800E+00,+2.8733E+00,+3.0744E+00,+3.5862E+00
-2.8700E+00,+2.8721E+00,+3.0275E+00,+3.5894E+00
-2.8600E+00,+2.8724E+00,+2.9962E+00,+3.5941E+00
-2.8500E+00,+2.8721E+00,+2.9962E+00,+3.5941E+00
-2.8400E+00,+2.8733E+00,+2.9650E+00,+3.5972E+00
-2.8300E+00,+2.8730E+00,+2.9337E+00,+3.6019E+00
-2.8200E+00,+2.8727E+00,+2.8556E+00,+3.6019E+00
-2.8100E+00,+2.8733E+00,+2.8556E+00,+3.6019E+00
-2.8000E+00,+2.8733E+00,+2.8400E+00,+3.6050E+00
-2.7900E+00,+2.8733E+00,+2.8244E+00,+3.6066E+00
-2.7800E+00,+2.8736E+00,+2.7619E+00,+3.6112E+00
-2.7700E+00,+2.8739E+00,+2.7150E+00,+3.6097E+00
-2.7600E+00,+2.8739E+00,+2.7150E+00,+3.6128E+00
-2.7500E+00,+2.8721E+00,+2.6994E+00,+3.6128E+00
-2.7400E+00,+2.8736E+00,+2.6525E+00,+3.6144E+00
-2.7300E+00,+2.8746E+00,+2.6212E+00,+3.6175E+00
-2.7200E+00,+2.8739E+00,+2.5744E+00,+3.6159E+00
-2.7100E+00,+2.8736E+00,+2.5587E+00,+3.6222E+00
-2.7000E+00,+2.8739E+00,+2.5431E+00,+3.6191E+00
-2.6900E+00,+2.8730E+00,+2.4806E+00,+3.6222E+00
-2.6800E+00,+2.8702E+00,+2.4650E+00,+3.6159E+00
-2.6700E+00,+2.8711E+00,+2.4337E+00,+3.6222E+00
-2.6600E+00,+2.8702E+00,+2.4337E+00,+3.6191E+00
-2.6500E+00,+2.8717E+00,+2.4025E+00,+3.6237E+00
-2.6400E+00,+2.8724E+00,+2.3556E+00,+3.6222E+00
-2.6300E+00,+2.8727E+00,+2.3400E+00,+3.6222E+00
-2.6200E+00,+2.8721E+00,+2.3244E+00,+3.6237E+00
-2.6100E+00,+2.8739E+00,+2.3244E+00,+3.6269E+00
-2.6000E+00,+2.8736E+00,+2.2931E+00,+3.6284E+00
-2.5900E+00,+2.8736E+00,+2.2775E+00,+3.6253E+00
-2.5800E+00,+2.8736E+00,+2.2619E+00,+3.6284E+00
-2.5700E+00,+2.8730E+00,+2.2306E+00,+3.6269E+00
-2.5600E+00,+2.8739E+00,+2.2306E+00,+3.6269E+00
-2.5500E+00,+2.8739E+00,+2.2150E+00,+3.6269E+00
-2.5400E+00,+2.8733E+00,+2.1681E+00,+3.6222E+00
-2.5300E+00,+2.8736E+00,+2.1681E+00,+3.6237E+00
-2.5200E+00,+2.8736E+00,+2.1369E+00,+3.6237E+00
-2.5100E+00,+2.8742E+00,+2.1525E+00,+3.6237E+00
-2.5000E+00,+2.8739E+00,+2.1369E+00,+3.6222E+00
-2.4900E+00,+2.8736E+00,+2.1056E+00,+3.6222E+00
-2.4800E+00,+2.8708E+00,+2.0900E+00,+3.6206E+00
-2.4700E+00,+2.8714E+00,+2.0900E+00,+3.6175E+00
-2.4600E+00,+2.8717E+00,+2.0900E+00,+3.6175E+00
-2.4500E+00,+2.8721E+00,+2.0900E+00,+3.6159E+00
-2.4400E+00,+2.8727E+00,+2.0744E+00,+3.6159E+00
-2.4300E+00,+2.8733E+00,+2.0587E+00,+3.6159E+00
-2.4200E+00,+2.8733E+00,+2.0587E+00,+3.6144E+00
-2.4100E+00,+2.8727E+00,+2.0431E+00,+3.6144E+00
-2.4000E+00,+2.8730E+00,+2.0744E+00,+3.6128E+00
-2.3900E+00,+2.8733E+00,+2.0587E+00,+3.6128E+00
-2.3800E+00,+2.8736E+00,+2.0431E+00,+3.6081E+00
-2.3700E+00,+2.8739E+00,+2.0587E+00,+3.6097E+00
-2.3600E+00,+2.8736E+00,+2.0587E+00,+3.6050E+00
-2.3500E+00,+2.8733E+00,+2.0431E+00,+3.6081E+00
-2.3400E+00,+2.8733E+00,+2.0744E+00,+3.6050E+00
-2.3300E+00,+2.8733E+00,+2.0900E+00,+3.6003E+00
-2.3200E+00,+2.8736E+00,+2.0900E+00,+3.5987E+00
-2.3100E+00,+2.8736E+00,+2.1056E+00,+3.5987E+00
-2.3000E+00,+2.8736E+00,+2.1212E+00,+3.5925E+00
-2.2900E+00,+2.8739E+00,+2.1369E+00,+3.5972E+00
-2.2800E+00,+2.8733E+00,+2.1681E+00,+3.5941E+00
-2.2700E+00,+2.8733E+00,+2.1525E+00,+3.5941E+00
-2.2600E+00,+2.8739E+00,+2.1681E+00,+3.5894E+00
-2.2500E+00,+2.8739E+00,+2.1994E+00,+3.5878E+00
-2.2400E+00,+2.8733E+00,+2.2306E+00,+3.5816E+00
-2.2300E+00,+2.8730E+00,+2.2462E+00,+3.5847E+00
-2.2200E+00,+2.8733E+00,+2.2775E+00,+3.5831E+00
-2.2100E+00,+2.8727E+00,+2.2775E+00,+3.5816E+00
-2.2000E+00,+2.8727E+00,+2.2775E+00,+3.5800E+00
-2.1900E+00,+2.8730E+00,+2.3087E+00,+3.5769E+00
-2.1800E+00,+2.8730E+00,+2.3712E+00,+3.5753E+00
-2.1700E+00,+2.8730E+00,+2.3712E+00,+3.5722E+00
-2.1600E+00,+2.8727E+00,+2.3712E+00,+3.5691E+00
-2.1500E+00,+2.8727E+00,+2.4025E+00,+3.5659E+00
-2.1400E+00,+2.8727E+00,+2.4181E+00,+3.5675E+00
-2.1300E+00,+2.8727E+00,+2.4650E+00,+3.5659E+00
-2.1200E+00,+2.8730E+00,+2.4806E+00,+3.5612E+00
-2.1100E+00,+2.8727E+00,+2.4806E+00,+3.5581E+00
-2.1000E+00,+2.8721E+00,+2.5275E+00,+3.5566E+00
-2.0900E+00,+2.8721E+00,+2.5587E+00,+3.5566E+00
-2.0800E+00,+2.8724E+00,+2.6056E+00,+3.5550E+00
-2.0700E+00,+2.8721E+00,+2.6056E+00,+3.5503E+00
-2.0600E+00,+2.8721E+00,+2.6056E+00,+3.5472E+00
-2.0500E+00,+2.8724E+00,+2.6525E+00,+3.5487E+00
-2.0400E+00,+2.8721E+00,+2.6994E+00,+3.5425E+00
-2.0300E+00,+2.8724E+00,+2.7150E+00,+3.5425E+00
-2.0200E+00,+2.8717E+00,+2.7150E+00,+3.5394E+00
-2.0100E+00,+2.8711E+00,+2.7306E+00,+3.5378E+00
-2.0000E+00,+2.8717E+00,+2.7931E+00,+3.5347E+00
-1.9900E+00,+2.8711E+00,+2.8087E+00,+3.5331E+00
-1.9800E+00,+2.8708E+00,+2.8400E+00,+3.5316E+00
-1.9700E+00,+2.8711E+00,+2.8712E+00,+3.5331E+00
-1.9600E+00,+2.8708E+00,+2.8869E+00,+3.5269E+00
-1.9500E+00,+2.8717E+00,+2.9181E+00,+3.5284E+00
-1.9400E+00,+2.8721E+00,+2.9494E+00,+3.5284E+00
-1.9300E+00,+2.8711E+00,+2.9494E+00,+3.5253E+00
-1.9200E+00,+2.8714E+00,+2.9806E+00,+3.5222E+00
-1.9100E+00,+2.8721E+00,+3.0119E+00,+3.5222E+00
-1.9000E+00,+2.8711E+00,+3.0275E+00,+3.5237E+00
-1.8900E+00,+2.8705E+00,+3.0431E+00,+3.5237E+00
-1.8800E+00,+2.8711E+00,+3.0431E+00,+3.5175E+00
-1.8700E+00,+2.8711E+00,+3.0587E+00,+3.5191E+00
-1.8600E+00,+2.8714E+00,+3.0900E+00,+3.5191E+00
-1.8500E+00,+2.8711E+00,+3.1212E+00,+3.5191E+00
-1.8400E+00,+2.8702E+00,+3.1056E+00,+3.5175E+00
-1.8300E+00,+2.8705E+00,+3.1369E+00,+3.5175E+00
-1.8200E+00,+2.8714E+00,+3.1681E+00,+3.5191E+00
-1.8100E+00,+2.8708E+00,+3.1837E+00,+3.5191E+00
-1.8000E+00,+2.8708E+00,+3.1837E+00,+3.5191E+00
-1.7900E+00,+2.8711E+00,+3.1837E+00,+3.5144E+00
-1.7800E+00,+2.8711E+00,+3.1994E+00,+3.5159E+00
-1.7700E+00,+2.8708E+00,+3.2306E+00,+3.5159E+00
-1.7600E+00,+2.8705E+00,+3.2462E+00,+3.5144E+00
-1.7500E+00,+2.8711E+00,+3.2462E+00,+3.5206E+00
-1.7400E+00,+2.8717E+00,+3.2619E+00,+3.5175E+00
-1.7300E+00,+2.8708E+00,+3.2619E+00,+3.5191E+00
-1.7200E+00,+2.8721E+00,+3.2775E+00,+3.5206E+00
-1.7100E+00,+2.8711E+00,+3.2931E+00,+3.5206E+00
-1.7000E+00,+2.8711E+00,+3.2775E+00,+3.5206E+00
-1.6900E+00,+2.8708E+00,+3.2775E+00,+3.5206E+00
-1.6800E+00,+2.8711E+00,+3.3087E+00,+3.5206E+00
-1.6700E+00,+2.8705E+00,+3.3087E+00,+3.5237E+00
-1.6600E+00,+2.8708E+00,+3.3087E+00,+3.5253E+00
-1.6500E+00,+2.8708E+00,+3.3087E+00,+3.5253E+00
-1.6400E+00,+2.8708E+00,+3.2931E+00,+3.5253E+00
-1.6300E+00,+2.8708E+00,+3.3244E+00,+3.5253E+00
-1.6200E+00,+2.8714E+00,+3.3244E+00,+3.5300E+00
-1.6100E+00,+2.8708E+00,+3.3400E+00,+3.5316E+00
-1.6000E+00,+2.8708E+00,+3.3087E+00,+3.5284E+00
-1.5900E+00,+2.8714E+00,+3.2931E+00,+3.5316E+00
-1.5800E+00,+2.8714E+00,+3.2931E+00,+3.5316E+00
-1.5700E+00,+2.8711E+00,+3.2931E+00,+3.5347E+00
-1.5600E+00,+2.8711E+00,+3.2931E+00,+3.5378E+00
-1.5500E+00,+2.8711E+00,+3.2775E+00,+3.5378E+00
-1.5400E+00,+2.8711E+00,+3.2775E+00,+3.5284E+00
-1.5300E+00,+2.8711E+00,+3.2775E+00,+3.5378E+00
-1.5200E+00,+2.8711E+00,+3.2462E+00,+3.5394E+00
-1.5100E+00,+2.8717E+00,+3.2462E+00,+3.5456E+00
-1.5000E+00,+2.8708E+00,+3.2462E+00,+3.5456E+00
-1.4900E+00,+2.8708E+00,+3.2306E+00,+3.5456E+00
-1.4800E+00,+2.8721E+00,+3.2306E+00,+3.5519E+00
-1.4700E+00,+2.8721E+00,+3.2150E+00,+3.5487E+00
-1.4600E+00,+2.8714E+00,+3.2150E+00,+3.5503E+00
-1.4500E+00,+2.8714E+00,+3.1837E+00,+3.5503E+00
-1.4400E+00,+2.8721E+00,+3.1837E+00,+3.5550E+00
-1.4300E+00,+2.8714E+00,+3.1681E+00,+3.5597E+00
-1.4200E+00,+2.8717E+00,+3.1681E+00,+3.5581E+00
-1.4100E+00,+2.8727E+00,+3.1369E+00,+3.5612E+00
-1.4000E+00,+2.8711E+00,+3.1369E+00,+3.5644E+00
-1.3900E+00,+2.8721E+00,+3.1056E+00,+3.5628E+00
-1.3800E+00,+2.8727E+00,+3.1056E+00,+3.5659E+00
-1.3700E+00,+2.8708E+00,+3.1056E+00,+3.5659E+00
-1.3600E+00,+2.8724E+00,+3.0587E+00,+3.5691E+00
-1.3500E+00,+2.8727E+00,+3.0275E+00,+3.5706E+00
-1.3400E+00,+2.8727E+00,+3.0275E+00,+3.5722E+00
-1.3300E+00,+2.8727E+00,+3.0119E+00,+3.5753E+00
-1.3200E+00,+2.8730E+00,+2.9962E+00,+3.5753E+00
-1.3100E+00,+2.8727E+00,+2.9806E+00,+3.5784E+00
-1.3000E+00,+2.8727E+00,+2.9337E+00,+3.5800E+00
-1.2900E+00,+2.8727E+00,+2.9181E+00,+3.5831E+00
-1.2800E+00,+2.8730E+00,+2.9025E+00,+3.5831E+00
-1.2700E+00,+2.8730E+00,+2.8869E+00,+3.5831E+00
-1.2600E+00,+2.8724E+00,+2.8869E+00,+3.5847E+00
-1.2500E+00,+2.8727E+00,+2.8556E+00,+3.5831E+00
-1.2400E+00,+2.8733E+00,+2.8244E+00,+3.5878E+00
-1.2300E+00,+2.8724E+00,+2.7931E+00,+3.5894E+00
-1.2200E+00,+2.8730E+00,+2.7775E+00,+3.5878E+00
-1.2100E+00,+2.8730E+00,+2.7619E+00,+3.5878E+00
-1.2000E+00,+2.8730E+00,+2.7306E+00,+3.5941E+00
-1.1900E+00,+2.8730E+00,+2.6994E+00,+3.5941E+00
-1.1800E+00,+2.8733E+00,+2.6837E+00,+3.5972E+00
-1.1700E+00,+2.8733E+00,+2.6681E+00,+3.5987E+00
-1.1600E+00,+2.8724E+00,+2.6369E+00,+3.5972E+00
-1.1500E+00,+2.8739E+00,+2.6212E+00,+3.5987E+00
-1.1400E+00,+2.8739E+00,+2.6056E+00,+3.5987E+00
-1.1300E+00,+2.8739E+00,+2.5744E+00,+3.6003E+00
-1.1200E+00,+2.8730E+00,+2.5587E+00,+3.5987E+00
-1.1100E+00,+2.8752E+00,+2.5275E+00,+3.6034E+00
-1.1000E+00,+2.8733E+00,+2.5275E+00,+3.6019E+00
-1.0900E+00,+2.8736E+00,+2.5119E+00,+3.6003E+00
-1.0800E+00,+2.8733E+00,+2.4806E+00,+3.6034E+00
-1.0700E+00,+2.8727E+00,+2.4650E+00,+3.6019E+00
-1.0600E+00,+2.8733E+00,+2.4650E+00,+3.6019E+00
-1.0500E+00,+2.8730E+00,+2.4494E+00,+3.6019E+00
-1.0400E+00,+2.8739E+00,+2.4494E+00,+3.6050E+00
-1.0300E+00,+2.8730E+00,+2.4025E+00,+3.6034E+00
-1.0200E+00,+2.8730E+00,+2.4025E+00,+3.6034E+00
-1.0100E+00,+2.8733E+00,+2.3869E+00,+3.6034E+00
-1.0000E+00,+2.8736E+00,+2.3712E+00,+3.6019E+00
-990.0E-03,+2.8727E+00,+2.3556E+00,+3.6034E+00
-980.0E-03,+2.8730E+00,+2.3400E+00,+3.6019E+00
-970.0E-03,+2.8733E+00,+2.3556E+00,+3.6019E+00
-960.0E-03,+2.8730E+00,+2.3400E+00,+3.6019E+00
-950.0E-03,+2.8736E+00,+2.3400E+00,+3.5987E+00
-940.0E-03,+2.8727E+00,+2.2931E+00,+3.6003E+00
-930.0E-03,+2.8730E+00,+2.3087E+00,+3.5987E+00
-920.0E-03,+2.8739E+00,+2.2775E+00,+3.6019E+00
-910.0E-03,+2.8739E+00,+2.2931E+00,+3.6003E+00
-900.0E-03,+2.8733E+00,+2.2619E+00,+3.6003E+00
-890.0E-03,+2.8739E+00,+2.2462E+00,+3.5987E+00
-880.0E-03,+2.8730E+00,+2.2619E+00,+3.5941E+00
-870.0E-03,+2.8733E+00,+2.2462E+00,+3.5956E+00
-860.0E-03,+2.8730E+00,+2.2619E+00,+3.5378E+00
-850.0E-03,+2.8742E+00,+2.2619E+00,+3.5956E+00
-840.0E-03,+2.8730E+00,+2.2462E+00,+3.5941E+00
-830.0E-03,+2.8739E+00,+2.2619E+00,+3.5894E+00
-820.0E-03,+2.8730E+00,+2.2462E+00,+3.5925E+00
-810.0E-03,+2.8730E+00,+2.2619E+00,+3.5909E+00
-800.0E-03,+2.8727E+00,+2.2775E+00,+3.5894E+00
-790.0E-03,+2.8733E+00,+2.2775E+00,+3.5878E+00
-780.0E-03,+2.8733E+00,+2.2775E+00,+3.5878E+00
-770.0E-03,+2.8730E+00,+2.2775E+00,+3.5862E+00
-760.0E-03,+2.8727E+00,+2.2775E+00,+3.5847E+00
-750.0E-03,+2.8724E+00,+2.3087E+00,+3.5816E+00
-740.0E-03,+2.8721E+00,+2.3244E+00,+3.5847E+00
-730.0E-03,+2.8727E+00,+2.3244E+00,+3.5831E+00
-720.0E-03,+2.8733E+00,+2.3244E+00,+3.5816E+00
-710.0E-03,+2.8739E+00,+2.3400E+00,+3.5831E+00
-700.0E-03,+2.8730E+00,+2.3712E+00,+3.5769E+00
-690.0E-03,+2.8742E+00,+2.3712E+00,+3.5769E+00
-680.0E-03,+2.8727E+00,+2.3712E+00,+3.5722E+00
-670.0E-03,+2.8730E+00,+2.3869E+00,+3.5722E+00
-660.0E-03,+2.8739E+00,+2.3869E+00,+3.5753E+00
-650.0E-03,+2.8724E+00,+2.4025E+00,+3.5706E+00
-640.0E-03,+2.8733E+00,+2.4337E+00,+3.5706E+00
-630.0E-03,+2.8727E+00,+2.4337E+00,+3.5691E+00
-620.0E-03,+2.8724E+00,+2.4494E+00,+3.5644E+00
-610.0E-03,+2.8724E+00,+2.4650E+00,+3.5659E+00
-600.0E-03,+2.8727E+00,+2.4806E+00,+3.5628E+00
-590.0E-03,+2.8727E+00,+2.4806E+00,+3.5612E+00
-580.0E-03,+2.8717E+00,+2.5275E+00,+3.5581E+00
-570.0E-03,+2.8724E+00,+2.5275E+00,+3.5566E+00
-560.0E-03,+2.8730E+00,+2.5431E+00,+3.5581E+00
-550.0E-03,+2.8721E+00,+2.5587E+00,+3.5581E+00
-540.0E-03,+2.8717E+00,+2.5900E+00,+3.5566E+00
-530.0E-03,+2.8717E+00,+2.6212E+00,+3.5550E+00
-520.0E-03,+2.8717E+00,+2.6056E+00,+3.5519E+00
-510.0E-03,+2.8714E+00,+2.6369E+00,+3.5503E+00
-500.0E-03,+2.8727E+00,+2.6681E+00,+3.5487E+00
-490.0E-03,+2.8721E+00,+2.6994E+00,+3.5487E+00
-480.0E-03,+2.8724E+00,+2.7150E+00,+3.5472E+00
-470.0E-03,+2.8714E+00,+2.7306E+00,+3.5456E+00
-460.0E-03,+2.8717E+00,+2.7462E+00,+3.5425E+00
-450.0E-03,+2.8717E+00,+2.7619E+00,+3.5441E+00
-440.0E-03,+2.8721E+00,+2.7775E+00,+3.5441E+00
-430.0E-03,+2.8711E+00,+2.7931E+00,+3.5441E+00
-420.0E-03,+2.8717E+00,+2.8087E+00,+3.5409E+00
-410.0E-03,+2.8721E+00,+2.8400E+00,+3.5409E+00
-400.0E-03,+2.8714E+00,+2.8556E+00,+3.5394E+00
-390.0E-03,+2.8717E+00,+2.8556E+00,+3.5394E+00
-380.0E-03,+2.8714E+00,+2.9025E+00,+3.5394E+00
-370.0E-03,+2.8717E+00,+2.8869E+00,+3.5362E+00
-360.0E-03,+2.8717E+00,+2.9025E+00,+3.5394E+00
-350.0E-03,+2.8714E+00,+2.9494E+00,+3.5362E+00
-340.0E-03,+2.8721E+00,+2.9650E+00,+3.5362E+00
-330.0E-03,+2.8708E+00,+2.9650E+00,+3.5362E+00
-320.0E-03,+2.8711E+00,+2.9650E+00,+3.5362E+00
-310.0E-03,+2.8714E+00,+2.9962E+00,+3.5378E+00
-300.0E-03,+2.8711E+00,+3.0275E+00,+3.5362E+00
-290.0E-03,+2.8708E+00,+3.0119E+00,+3.5347E+00
-280.0E-03,+2.8705E+00,+3.0119E+00,+3.5362E+00
-270.0E-03,+2.8714E+00,+3.0431E+00,+3.5347E+00
-260.0E-03,+2.8724E+00,+3.0431E+00,+3.5331E+00
-250.0E-03,+2.8717E+00,+3.0744E+00,+3.5347E+00
-240.0E-03,+2.8717E+00,+3.0900E+00,+3.5362E+00
-230.0E-03,+2.8714E+00,+3.0900E+00,+3.5331E+00
-220.0E-03,+2.8717E+00,+3.0900E+00,+3.5362E+00
-210.0E-03,+2.8711E+00,+3.1056E+00,+3.5378E+00
-200.0E-03,+2.8717E+00,+3.0900E+00,+3.5362E+00
-190.0E-03,+2.8721E+00,+3.1369E+00,+3.5362E+00
-180.0E-03,+2.8717E+00,+3.1369E+00,+3.5394E+00
-170.0E-03,+2.8721E+00,+3.1681E+00,+3.5394E+00
-160.0E-03,+2.8717E+00,+3.1525E+00,+3.5394E+00
-150.0E-03,+2.8717E+00,+3.1681E+00,+3.5378E+00
-140.0E-03,+2.8711E+00,+3.1525E+00,+3.5394E+00
-130.0E-03,+2.8717E+00,+3.1837E+00,+3.5394E+00
-120.0E-03,+2.8714E+00,+3.1681E+00,+3.5394E+00
-110.0E-03,+2.8714E+00,+3.1837E+00,+3.5394E+00
-100.0E-03,+2.8717E+00,+3.1837E+00,+3.5441E+00
-90.0E-03,+2.8717E+00,+3.1994E+00,+3.5456E+00
-80.0E-03,+2.8717E+00,+3.1681E+00,+3.5425E+00
-70.0E-03,+2.8714E+00,+3.1681E+00,+3.5441E+00
-60.0E-03,+2.8717E+00,+3.1837E+00,+3.5409E+00
-50.0E-03,+2.8711E+00,+3.1681E+00,+3.5425E+00
-40.0E-03,+2.8721E+00,+3.1837E+00,+3.5456E+00
-30.0E-03,+2.8717E+00,+3.1837E+00,+3.5503E+00
-20.0E-03,+2.8714E+00,+3.1837E+00,+3.5456E+00
-10.0E-03,+2.8714E+00,+3.1837E+00,+3.5519E+00
-0.0E+00,+2.8711E+00,+3.1681E+00,+3.5487E+00
+10.0E-03,+2.8711E+00,+3.1681E+00,+3.5472E+00
+20.0E-03,+2.8714E+00,+3.1525E+00,+3.5487E+00
+30.0E-03,+2.8714E+00,+3.1525E+00,+3.5550E+00
+40.0E-03,+2.8708E+00,+3.1525E+00,+3.5550E+00
+50.0E-03,+2.8727E+00,+3.1525E+00,+3.5550E+00
+60.0E-03,+2.8724E+00,+3.1369E+00,+3.5550E+00
+70.0E-03,+2.8717E+00,+3.1212E+00,+3.5581E+00
+80.0E-03,+2.8721E+00,+3.1369E+00,+3.5581E+00
+90.0E-03,+2.8717E+00,+3.1212E+00,+3.5597E+00
+100.0E-03,+2.8714E+00,+3.1056E+00,+3.5597E+00
+110.0E-03,+2.8724E+00,+3.0900E+00,+3.5612E+00
+120.0E-03,+2.8717E+00,+3.0900E+00,+3.5597E+00
+130.0E-03,+2.8717E+00,+3.1056E+00,+3.5628E+00
+140.0E-03,+2.8724E+00,+3.1056E+00,+3.5659E+00
+150.0E-03,+2.8724E+00,+3.0744E+00,+3.5659E+00
+160.0E-03,+2.8721E+00,+3.0431E+00,+3.5659E+00
+170.0E-03,+2.8727E+00,+3.0431E+00,+3.5659E+00
+180.0E-03,+2.8724E+00,+3.0587E+00,+3.5675E+00
+190.0E-03,+2.8721E+00,+3.0275E+00,+3.5706E+00
+200.0E-03,+2.8733E+00,+3.0275E+00,+3.5722E+00
+210.0E-03,+2.8733E+00,+2.9962E+00,+3.5722E+00
+220.0E-03,+2.8727E+00,+2.9650E+00,+3.5722E+00
+230.0E-03,+2.8730E+00,+2.9650E+00,+3.5737E+00
+240.0E-03,+2.8724E+00,+2.9650E+00,+3.5753E+00
+250.0E-03,+2.8721E+00,+2.9650E+00,+3.5753E+00
+260.0E-03,+2.8724E+00,+2.9181E+00,+3.5753E+00
+270.0E-03,+2.8733E+00,+2.8869E+00,+3.5769E+00
+280.0E-03,+2.8727E+00,+2.9025E+00,+3.5784E+00
+290.0E-03,+2.8733E+00,+2.8712E+00,+3.5784E+00
+300.0E-03,+2.8739E+00,+2.8712E+00,+3.5800E+00
+310.0E-03,+2.8727E+00,+2.8712E+00,+3.5816E+00
+320.0E-03,+2.8727E+00,+2.8400E+00,+3.5816E+00
+330.0E-03,+2.8730E+00,+2.8244E+00,+3.5800E+00
+340.0E-03,+2.8727E+00,+2.8087E+00,+3.5847E+00
+350.0E-03,+2.8724E+00,+2.7931E+00,+3.5816E+00
+360.0E-03,+2.8736E+00,+2.7619E+00,+3.5862E+00
+370.0E-03,+2.8727E+00,+2.7619E+00,+3.5847E+00
+380.0E-03,+2.8736E+00,+2.7462E+00,+3.5862E+00
+390.0E-03,+2.8730E+00,+2.7306E+00,+3.5831E+00
+400.0E-03,+2.8724E+00,+2.7150E+00,+3.5847E+00
+410.0E-03,+2.8724E+00,+2.6837E+00,+3.5816E+00
+420.0E-03,+2.8736E+00,+2.6837E+00,+3.5862E+00
+430.0E-03,+2.8736E+00,+2.6681E+00,+3.5878E+00
+440.0E-03,+2.8727E+00,+2.6525E+00,+3.5847E+00
+450.0E-03,+2.8730E+00,+2.6369E+00,+3.5862E+00
+460.0E-03,+2.8727E+00,+2.6369E+00,+3.5847E+00
+470.0E-03,+2.8739E+00,+2.6056E+00,+3.5862E+00
+480.0E-03,+2.8727E+00,+2.6056E+00,+3.5831E+00
+490.0E-03,+2.8727E+00,+2.5744E+00,+3.5847E+00
+500.0E-03,+2.8727E+00,+2.5900E+00,+3.5862E+00
+510.0E-03,+2.8724E+00,+2.5587E+00,+3.5894E+00
+520.0E-03,+2.8733E+00,+2.5587E+00,+3.5862E+00
+530.0E-03,+2.8727E+00,+2.5431E+00,+3.5831E+00
+540.0E-03,+2.8736E+00,+2.5431E+00,+3.5831E+00
+550.0E-03,+2.8727E+00,+2.5119E+00,+3.5831E+00
+560.0E-03,+2.8724E+00,+2.5119E+00,+3.5847E+00
+570.0E-03,+2.8724E+00,+2.4806E+00,+3.5878E+00
+580.0E-03,+2.8736E+00,+2.4806E+00,+3.5847E+00
+590.0E-03,+2.8727E+00,+2.4650E+00,+3.5847E+00
+600.0E-03,+2.8724E+00,+2.4650E+00,+3.5847E+00
+610.0E-03,+2.8727E+00,+2.4650E+00,+3.5862E+00
+620.0E-03,+2.8730E+00,+2.4494E+00,+3.5831E+00
+630.0E-03,+2.8724E+00,+2.4181E+00,+3.5784E+00
+640.0E-03,+2.8727E+00,+2.4337E+00,+3.5831E+00
+650.0E-03,+2.8730E+00,+2.4181E+00,+3.5831E+00
+660.0E-03,+2.8733E+00,+2.4337E+00,+3.5800E+00
+670.0E-03,+2.8733E+00,+2.4181E+00,+3.5800E+00
+680.0E-03,+2.8733E+00,+2.4181E+00,+3.5800E+00
+690.0E-03,+2.8733E+00,+2.4025E+00,+3.5800E+00
+700.0E-03,+2.8730E+00,+2.4025E+00,+3.5816E+00
+710.0E-03,+2.8733E+00,+2.4025E+00,+3.5800E+00
+720.0E-03,+2.8733E+00,+2.4181E+00,+3.5784E+00
+730.0E-03,+2.8727E+00,+2.4025E+00,+3.5784E+00
+740.0E-03,+2.8727E+00,+2.3869E+00,+3.5769E+00
+750.0E-03,+2.8730E+00,+2.4025E+00,+3.5769E+00
+760.0E-03,+2.8727E+00,+2.4025E+00,+3.5784E+00
+770.0E-03,+2.8733E+00,+2.3869E+00,+3.5722E+00
+780.0E-03,+2.8727E+00,+2.4181E+00,+3.5737E+00
+790.0E-03,+2.8724E+00,+2.4337E+00,+3.5737E+00
+800.0E-03,+2.8727E+00,+2.4494E+00,+3.5737E+00
+810.0E-03,+2.8724E+00,+2.4181E+00,+3.5753E+00
+820.0E-03,+2.8736E+00,+2.4337E+00,+3.5722E+00
+830.0E-03,+2.8727E+00,+2.4337E+00,+3.5737E+00
+840.0E-03,+2.8730E+00,+2.4494E+00,+3.5691E+00
+850.0E-03,+2.8724E+00,+2.4337E+00,+3.5675E+00
+860.0E-03,+2.8727E+00,+2.4650E+00,+3.5691E+00
+870.0E-03,+2.8724E+00,+2.4494E+00,+3.5675E+00
+880.0E-03,+2.8724E+00,+2.4494E+00,+3.5675E+00
+890.0E-03,+2.8721E+00,+2.4806E+00,+3.5706E+00
+900.0E-03,+2.8717E+00,+2.4962E+00,+3.5675E+00
+910.0E-03,+2.8727E+00,+2.4806E+00,+3.5628E+00
+920.0E-03,+2.8724E+00,+2.4962E+00,+3.5644E+00
+930.0E-03,+2.8727E+00,+2.4962E+00,+3.5628E+00
+940.0E-03,+2.8717E+00,+2.4962E+00,+3.5597E+00
+950.0E-03,+2.8727E+00,+2.5275E+00,+3.5566E+00
+960.0E-03,+2.8717E+00,+2.5587E+00,+3.5581E+00
+970.0E-03,+2.8724E+00,+2.5275E+00,+3.5597E+00
+980.0E-03,+2.8724E+00,+2.5744E+00,+3.5581E+00
+990.0E-03,+2.8727E+00,+2.5744E+00,+3.5581E+00
+1.0000E+00,+2.8727E+00,+2.5900E+00,+3.5581E+00
+1.0100E+00,+2.8727E+00,+2.6056E+00,+3.5550E+00
+1.0200E+00,+2.8717E+00,+2.6056E+00,+3.5566E+00
+1.0300E+00,+2.8717E+00,+2.6369E+00,+3.5566E+00
+1.0400E+00,+2.8730E+00,+2.6525E+00,+3.5534E+00
+1.0500E+00,+2.8711E+00,+2.6681E+00,+3.5519E+00
+1.0600E+00,+2.8721E+00,+2.6681E+00,+3.5487E+00
+1.0700E+00,+2.8711E+00,+2.6837E+00,+3.5503E+00
+1.0800E+00,+2.8721E+00,+2.6994E+00,+3.5519E+00
+1.0900E+00,+2.8711E+00,+2.7150E+00,+3.5487E+00
+1.1000E+00,+2.8724E+00,+2.7306E+00,+3.5472E+00
+1.1100E+00,+2.8714E+00,+2.7462E+00,+3.5487E+00
+1.1200E+00,+2.8721E+00,+2.7619E+00,+3.5487E+00
+1.1300E+00,+2.8714E+00,+2.7619E+00,+3.5503E+00
+1.1400E+00,+2.8717E+00,+2.7775E+00,+3.5472E+00
+1.1500E+00,+2.8717E+00,+2.7931E+00,+3.5456E+00
+1.1600E+00,+2.8699E+00,+2.8087E+00,+3.5456E+00
+1.1700E+00,+2.8721E+00,+2.8087E+00,+3.5503E+00
+1.1800E+00,+2.8721E+00,+2.8244E+00,+3.5456E+00
+1.1900E+00,+2.8721E+00,+2.8244E+00,+3.5456E+00
+1.2000E+00,+2.8721E+00,+2.8400E+00,+3.5441E+00
+1.2100E+00,+2.8724E+00,+2.8556E+00,+3.5487E+00
+1.2200E+00,+2.8717E+00,+2.8712E+00,+3.5456E+00
+1.2300E+00,+2.8714E+00,+2.8869E+00,+3.5472E+00
+1.2400E+00,+2.8724E+00,+2.8869E+00,+3.5472E+00
+1.2500E+00,+2.8717E+00,+2.9025E+00,+3.5456E+00
+1.2600E+00,+2.8721E+00,+2.9181E+00,+3.5472E+00
+1.2700E+00,+2.8721E+00,+2.9181E+00,+3.5472E+00
+1.2800E+00,+2.8714E+00,+2.9337E+00,+3.5487E+00
+1.2900E+00,+2.8717E+00,+2.9494E+00,+3.5487E+00
+1.3000E+00,+2.8717E+00,+2.9494E+00,+3.5487E+00
+1.3100E+00,+2.8711E+00,+2.9806E+00,+3.5456E+00
+1.3200E+00,+2.8717E+00,+2.9650E+00,+3.5456E+00
+1.3300E+00,+2.8721E+00,+2.9962E+00,+3.5472E+00
+1.3400E+00,+2.8717E+00,+2.9962E+00,+3.5472E+00
+1.3500E+00,+2.8724E+00,+3.0119E+00,+3.5487E+00
+1.3600E+00,+2.8717E+00,+3.0119E+00,+3.5472E+00
+1.3700E+00,+2.8717E+00,+3.0275E+00,+3.5472E+00
+1.3800E+00,+2.8721E+00,+3.0431E+00,+3.5472E+00
+1.3900E+00,+2.8717E+00,+3.0431E+00,+3.5487E+00
+1.4000E+00,+2.8721E+00,+3.0587E+00,+3.5503E+00
+1.4100E+00,+2.8717E+00,+3.0431E+00,+3.5503E+00
+1.4200E+00,+2.8727E+00,+3.0587E+00,+3.5487E+00
+1.4300E+00,+2.8714E+00,+3.0587E+00,+3.5503E+00
+1.4400E+00,+2.8714E+00,+3.0744E+00,+3.5456E+00
+1.4500E+00,+2.8724E+00,+3.0744E+00,+3.5519E+00
+1.4600E+00,+2.8721E+00,+3.0744E+00,+3.5487E+00
+1.4700E+00,+2.8711E+00,+3.0900E+00,+3.5503E+00
+1.4800E+00,+2.8721E+00,+3.0900E+00,+3.5503E+00
+1.4900E+00,+2.8724E+00,+3.0900E+00,+3.5519E+00
+1.5000E+00,+2.8730E+00,+3.0900E+00,+3.5487E+00
+1.5100E+00,+2.8714E+00,+3.0744E+00,+3.5503E+00
+1.5200E+00,+2.8717E+00,+3.0900E+00,+3.5534E+00
+1.5300E+00,+2.8714E+00,+3.0744E+00,+3.5534E+00
+1.5400E+00,+2.8717E+00,+3.0744E+00,+3.5550E+00
+1.5500E+00,+2.8717E+00,+3.0900E+00,+3.5550E+00
+1.5600E+00,+2.8721E+00,+3.0900E+00,+3.5550E+00
+1.5700E+00,+2.8717E+00,+3.0900E+00,+3.5550E+00
+1.5800E+00,+2.8721E+00,+3.0900E+00,+3.5581E+00
+1.5900E+00,+2.8721E+00,+3.0587E+00,+3.5566E+00
+1.6000E+00,+2.8730E+00,+3.0900E+00,+3.5550E+00
+1.6100E+00,+2.8714E+00,+3.0744E+00,+3.5597E+00
+1.6200E+00,+2.8724E+00,+3.0744E+00,+3.5566E+00
+1.6300E+00,+2.8724E+00,+3.0744E+00,+3.5612E+00
+1.6400E+00,+2.8714E+00,+3.0587E+00,+3.5581E+00
+1.6500E+00,+2.8724E+00,+3.0744E+00,+3.5581E+00
+1.6600E+00,+2.8724E+00,+3.0744E+00,+3.5581E+00
+1.6700E+00,+2.8711E+00,+3.0431E+00,+3.5550E+00
+1.6800E+00,+2.8727E+00,+3.0587E+00,+3.5581E+00
+1.6900E+00,+2.8724E+00,+3.0431E+00,+3.5628E+00
+1.7000E+00,+2.8717E+00,+3.0431E+00,+3.5597E+00
+1.7100E+00,+2.8736E+00,+3.0587E+00,+3.5628E+00
+1.7200E+00,+2.8717E+00,+3.0431E+00,+3.5612E+00
+1.7300E+00,+2.8714E+00,+3.0275E+00,+3.5612E+00
+1.7400E+00,+2.8724E+00,+2.9962E+00,+3.5644E+00
+1.7500E+00,+2.8717E+00,+3.0119E+00,+3.5612E+00
+1.7600E+00,+2.8721E+00,+3.0119E+00,+3.5644E+00
+1.7700E+00,+2.8721E+00,+2.9806E+00,+3.5675E+00
+1.7800E+00,+2.8724E+00,+2.9806E+00,+3.5597E+00
+1.7900E+00,+2.8717E+00,+2.9494E+00,+3.5659E+00
+1.8000E+00,+2.8721E+00,+2.9494E+00,+3.5675E+00
+1.8100E+00,+2.8727E+00,+2.9337E+00,+3.5675E+00
+1.8200E+00,+2.8727E+00,+2.9337E+00,+3.5691E+00
+1.8300E+00,+2.8711E+00,+2.9181E+00,+3.5644E+00
+1.8400E+00,+2.8727E+00,+2.9337E+00,+3.5659E+00
+1.8500E+00,+2.8724E+00,+2.9025E+00,+3.5659E+00
+1.8600E+00,+2.8724E+00,+2.9025E+00,+3.5659E+00
+1.8700E+00,+2.8724E+00,+2.8869E+00,+3.5691E+00
+1.8800E+00,+2.8730E+00,+2.8712E+00,+3.5675E+00
+1.8900E+00,+2.8721E+00,+2.8712E+00,+3.5659E+00
+1.9000E+00,+2.8721E+00,+2.8556E+00,+3.5675E+00
+1.9100E+00,+2.8721E+00,+2.8556E+00,+3.5691E+00
+1.9200E+00,+2.8730E+00,+2.8244E+00,+3.5675E+00
+1.9300E+00,+2.8721E+00,+2.8244E+00,+3.5659E+00
+1.9400E+00,+2.8724E+00,+2.8087E+00,+3.5659E+00
+1.9500E+00,+2.8724E+00,+2.7931E+00,+3.5644E+00
+1.9600E+00,+2.8724E+00,+2.7931E+00,+3.5659E+00
+1.9700E+00,+2.8724E+00,+2.7775E+00,+3.5675E+00
+1.9800E+00,+2.8724E+00,+2.7775E+00,+3.5675E+00
+1.9900E+00,+2.8724E+00,+2.7619E+00,+3.5691E+00
+2.0000E+00,+2.8724E+00,+2.7462E+00,+3.5691E+00
+2.0100E+00,+2.8702E+00,+2.7306E+00,+3.5675E+00
+2.0200E+00,+2.8727E+00,+2.7306E+00,+3.5675E+00
+2.0300E+00,+2.8727E+00,+2.7306E+00,+3.5675E+00
+2.0400E+00,+2.8733E+00,+2.6994E+00,+3.5691E+00
+2.0500E+00,+2.8724E+00,+2.6994E+00,+3.5659E+00
+2.0600E+00,+2.8724E+00,+2.6837E+00,+3.5691E+00
+2.0700E+00,+2.8721E+00,+2.6681E+00,+3.5659E+00
+2.0800E+00,+2.8727E+00,+2.6525E+00,+3.5691E+00
+2.0900E+00,+2.8727E+00,+2.6369E+00,+3.5675E+00
+2.1000E+00,+2.8721E+00,+2.6369E+00,+3.5706E+00
+2.1100E+00,+2.8733E+00,+2.6212E+00,+3.5737E+00
+2.1200E+00,+2.8717E+00,+2.6056E+00,+3.5659E+00
+2.1300E+00,+2.8727E+00,+2.5900E+00,+3.5691E+00
+2.1400E+00,+2.8724E+00,+2.6056E+00,+3.5675E+00
+2.1500E+00,+2.8724E+00,+2.5900E+00,+3.5691E+00
+2.1600E+00,+2.8721E+00,+2.5744E+00,+3.5691E+00
+2.1700E+00,+2.8727E+00,+2.5587E+00,+3.5675E+00
+2.1800E+00,+2.8724E+00,+2.5587E+00,+3.5691E+00
+2.1900E+00,+2.8727E+00,+2.5587E+00,+3.5628E+00
+2.2000E+00,+2.8724E+00,+2.5275E+00,+3.5628E+00
+2.2100E+00,+2.8721E+00,+2.5431E+00,+3.5691E+00
+2.2200E+00,+2.8727E+00,+2.5431E+00,+3.5675E+00
+2.2300E+00,+2.8717E+00,+2.5275E+00,+3.5675E+00
+2.2400E+00,+2.8724E+00,+2.5275E+00,+3.5691E+00
+2.2500E+00,+2.8730E+00,+2.5275E+00,+3.5691E+00
+2.2600E+00,+2.8724E+00,+2.5431E+00,+3.5659E+00
+2.2700E+00,+2.8724E+00,+2.5119E+00,+3.5675E+00
+2.2800E+00,+2.8727E+00,+2.5431E+00,+3.5659E+00
+2.2900E+00,+2.8730E+00,+2.5119E+00,+3.5675E+00
+2.3000E+00,+2.8730E+00,+2.5119E+00,+3.5659E+00
+2.3100E+00,+2.8727E+00,+2.5119E+00,+3.5691E+00
+2.3200E+00,+2.8724E+00,+2.5119E+00,+3.5691E+00
+2.3300E+00,+2.8724E+00,+2.5119E+00,+3.5644E+00
+2.3400E+00,+2.8724E+00,+2.5119E+00,+3.5675E+00
+2.3500E+00,+2.8727E+00,+2.4806E+00,+3.5706E+00
+2.3600E+00,+2.8727E+00,+2.4806E+00,+3.5659E+00
+2.3700E+00,+2.8711E+00,+2.4806E+00,+3.5659E+00
+2.3800E+00,+2.8727E+00,+2.4806E+00,+3.5628E+00
+2.3900E+00,+2.8711E+00,+2.4806E+00,+3.5644E+00
+2.4000E+00,+2.8727E+00,+2.4806E+00,+3.5644E+00
+2.4100E+00,+2.8727E+00,+2.4962E+00,+3.5644E+00
+2.4200E+00,+2.8717E+00,+2.4962E+00,+3.5659E+00
+2.4300E+00,+2.8727E+00,+2.4962E+00,+3.5597E+00
+2.4400E+00,+2.8717E+00,+2.4962E+00,+3.5612E+00
+2.4500E+00,+2.8733E+00,+2.4962E+00,+3.5628E+00
+2.4600E+00,+2.8727E+00,+2.4962E+00,+3.5612E+00
+2.4700E+00,+2.8727E+00,+2.5119E+00,+3.5550E+00
+2.4800E+00,+2.8730E+00,+2.5119E+00,+3.5597E+00
+2.4900E+00,+2.8721E+00,+2.5119E+00,+3.5628E+00
+2.5000E+00,+2.8727E+00,+2.5119E+00,+3.5628E+00
+2.5100E+00,+2.8724E+00,+2.5275E+00,+3.5612E+00
+2.5200E+00,+2.8727E+00,+2.5431E+00,+3.5581E+00
+2.5300E+00,+2.8717E+00,+2.5587E+00,+3.5597E+00
+2.5400E+00,+2.8721E+00,+2.5587E+00,+3.5597E+00
+2.5500E+00,+2.8721E+00,+2.5744E+00,+3.5612E+00
+2.5600E+00,+2.8727E+00,+2.5744E+00,+3.5566E+00
+2.5700E+00,+2.8727E+00,+2.5744E+00,+3.5612E+00
+2.5800E+00,+2.8721E+00,+2.6056E+00,+3.5581E+00
+2.5900E+00,+2.8714E+00,+2.6056E+00,+3.5612E+00
+2.6000E+00,+2.8727E+00,+2.6056E+00,+3.5612E+00
+2.6100E+00,+2.8727E+00,+2.6369E+00,+3.5612E+00
+2.6200E+00,+2.8721E+00,+2.6369E+00,+3.5612E+00
+2.6300E+00,+2.8730E+00,+2.6525E+00,+3.5581E+00
+2.6400E+00,+2.8721E+00,+2.6525E+00,+3.5597E+00
+2.6500E+00,+2.8717E+00,+2.6681E+00,+3.5612E+00
+2.6600E+00,+2.8724E+00,+2.6681E+00,+3.5581E+00
+2.6700E+00,+2.8717E+00,+2.6837E+00,+3.5566E+00
+2.6800E+00,+2.8721E+00,+2.6837E+00,+3.5581E+00
+2.6900E+00,+2.8730E+00,+2.7150E+00,+3.5581E+00
+2.7000E+00,+2.8721E+00,+2.7150E+00,+3.5566E+00
+2.7100E+00,+2.8724E+00,+2.7306E+00,+3.5566E+00
+2.7200E+00,+2.8721E+00,+2.7306E+00,+3.5566E+00
+2.7300E+00,+2.8724E+00,+2.7306E+00,+3.5566E+00
+2.7400E+00,+2.8711E+00,+2.7775E+00,+3.5534E+00
+2.7500E+00,+2.8721E+00,+2.7462E+00,+3.5597E+00
+2.7600E+00,+2.8724E+00,+2.7775E+00,+3.5566E+00
+2.7700E+00,+2.8724E+00,+2.7775E+00,+3.5566E+00
+2.7800E+00,+2.8721E+00,+2.7775E+00,+3.5581E+00
+2.7900E+00,+2.8717E+00,+2.7931E+00,+3.5581E+00
+2.8000E+00,+2.8724E+00,+2.8087E+00,+3.5581E+00
+2.8100E+00,+2.8717E+00,+2.8244E+00,+3.5566E+00
+2.8200E+00,+2.8717E+00,+2.8244E+00,+3.5550E+00
+2.8300E+00,+2.8721E+00,+2.8400E+00,+3.5581E+00
+2.8400E+00,+2.8721E+00,+2.8556E+00,+3.5581E+00
+2.8500E+00,+2.8717E+00,+2.8712E+00,+3.5581E+00
+2.8600E+00,+2.8717E+00,+2.8869E+00,+3.5566E+00
+2.8700E+00,+2.8721E+00,+2.8869E+00,+3.5566E+00
+2.8800E+00,+2.8724E+00,+2.8869E+00,+3.5581E+00
+2.8900E+00,+2.8724E+00,+2.8869E+00,+3.5581E+00
+2.9000E+00,+2.8717E+00,+2.9181E+00,+3.5581E+00
+2.9100E+00,+2.8724E+00,+2.9181E+00,+3.5581E+00
+2.9200E+00,+2.8721E+00,+2.9494E+00,+3.5566E+00
+2.9300E+00,+2.8717E+00,+2.9650E+00,+3.5566E+00
+2.9400E+00,+2.8727E+00,+2.9494E+00,+3.5581E+00
+2.9500E+00,+2.8727E+00,+2.9650E+00,+3.5566E+00
+2.9600E+00,+2.8727E+00,+2.9494E+00,+3.5581E+00
+2.9700E+00,+2.8717E+00,+2.9650E+00,+3.5581E+00
+2.9800E+00,+2.8724E+00,+2.9806E+00,+3.5581E+00
+2.9900E+00,+2.8717E+00,+2.9806E+00,+3.5597E+00
+3.0000E+00,+2.8724E+00,+2.9806E+00,+3.5566E+00
+3.0100E+00,+2.8721E+00,+2.9962E+00,+3.5581E+00
+3.0200E+00,+2.8724E+00,+2.9806E+00,+3.5581E+00
+3.0300E+00,+2.8727E+00,+2.9962E+00,+3.5581E+00
+3.0400E+00,+2.8727E+00,+2.9962E+00,+3.5550E+00
+3.0500E+00,+2.8727E+00,+3.0119E+00,+3.5566E+00
+3.0600E+00,+2.8724E+00,+2.9962E+00,+3.5581E+00
+3.0700E+00,+2.8717E+00,+3.0119E+00,+3.5581E+00
+3.0800E+00,+2.8721E+00,+3.0275E+00,+3.5566E+00
+3.0900E+00,+2.8717E+00,+3.0275E+00,+3.5550E+00
+3.1000E+00,+2.8717E+00,+3.0275E+00,+3.5566E+00
+3.1100E+00,+2.8714E+00,+3.0119E+00,+3.5566E+00
+3.1200E+00,+2.8721E+00,+3.0275E+00,+3.5581E+00
+3.1300E+00,+2.8721E+00,+3.0431E+00,+3.5628E+00
+3.1400E+00,+2.8721E+00,+3.0431E+00,+3.5597E+00
+3.1500E+00,+2.8724E+00,+3.0275E+00,+3.5581E+00
+3.1600E+00,+2.8724E+00,+3.0275E+00,+3.5566E+00
+3.1700E+00,+2.8724E+00,+3.0431E+00,+3.5566E+00
+3.1800E+00,+2.8721E+00,+3.0431E+00,+3.5581E+00
+3.1900E+00,+2.8717E+00,+3.0587E+00,+3.5612E+00
+3.2000E+00,+2.8724E+00,+3.0587E+00,+3.5597E+00
+3.2100E+00,+2.8717E+00,+3.0275E+00,+3.5597E+00
+3.2200E+00,+2.8717E+00,+3.0431E+00,+3.5581E+00
+3.2300E+00,+2.8717E+00,+3.0431E+00,+3.5612E+00
+3.2400E+00,+2.8727E+00,+3.0431E+00,+3.5612E+00
+3.2500E+00,+2.8721E+00,+3.0431E+00,+3.5581E+00
+3.2600E+00,+2.8730E+00,+3.0431E+00,+3.5612E+00
+3.2700E+00,+2.8727E+00,+3.0431E+00,+3.5612E+00
+3.2800E+00,+2.8717E+00,+3.0431E+00,+3.5581E+00
+3.2900E+00,+2.8717E+00,+3.0275E+00,+3.5581E+00
+3.3000E+00,+2.8721E+00,+3.0275E+00,+3.5597E+00
+3.3100E+00,+2.8717E+00,+3.0275E+00,+3.5566E+00
+3.3200E+00,+2.8721E+00,+3.0119E+00,+3.5612E+00
+3.3300E+00,+2.8717E+00,+3.0119E+00,+3.5597E+00
+3.3400E+00,+2.8721E+00,+3.0119E+00,+3.5566E+00
+3.3500E+00,+2.8724E+00,+3.0119E+00,+3.5597E+00
+3.3600E+00,+2.8717E+00,+2.9962E+00,+3.5597E+00
+3.3700E+00,+2.8730E+00,+2.9806E+00,+3.5612E+00
+3.3800E+00,+2.8724E+00,+2.9962E+00,+3.5597E+00
+3.3900E+00,+2.8724E+00,+2.9806E+00,+3.5612E+00
+3.4000E+00,+2.8727E+00,+2.9806E+00,+3.5612E+00
+3.4100E+00,+2.8717E+00,+2.9650E+00,+3.5628E+00
+3.4200E+00,+2.8730E+00,+2.9494E+00,+3.5597E+00
+3.4300E+00,+2.8714E+00,+2.9494E+00,+3.5612E+00
+3.4400E+00,+2.8727E+00,+2.9494E+00,+3.5612E+00
+3.4500E+00,+2.8724E+00,+2.9337E+00,+3.5612E+00
+3.4600E+00,+2.8724E+00,+2.9337E+00,+3.5612E+00
+3.4700E+00,+2.8714E+00,+2.9337E+00,+3.5612E+00
+3.4800E+00,+2.8721E+00,+2.9337E+00,+3.5597E+00
+3.4900E+00,+2.8724E+00,+2.9025E+00,+3.5612E+00
+3.5000E+00,+2.8724E+00,+2.9025E+00,+3.5612E+00
+3.5100E+00,+2.8724E+00,+2.8869E+00,+3.5628E+00
+3.5200E+00,+2.8727E+00,+2.8869E+00,+3.5612E+00
+3.5300E+00,+2.8721E+00,+2.8712E+00,+3.5612E+00
+3.5400E+00,+2.8717E+00,+2.8556E+00,+3.5612E+00
+3.5500E+00,+2.8721E+00,+2.8556E+00,+3.5628E+00
+3.5600E+00,+2.8724E+00,+2.8556E+00,+3.5612E+00
+3.5700E+00,+2.8727E+00,+2.8400E+00,+3.5644E+00
+3.5800E+00,+2.8727E+00,+2.8087E+00,+3.5612E+00
+3.5900E+00,+2.8724E+00,+2.8087E+00,+3.5628E+00
+3.6000E+00,+2.8714E+00,+2.7931E+00,+3.5612E+00
+3.6100E+00,+2.8724E+00,+2.7931E+00,+3.5612E+00
+3.6200E+00,+2.8733E+00,+2.7775E+00,+3.5612E+00
+3.6300E+00,+2.8724E+00,+2.7619E+00,+3.5612E+00
+3.6400E+00,+2.8721E+00,+2.7619E+00,+3.5612E+00
+3.6500E+00,+2.8717E+00,+2.7462E+00,+3.5628E+00
+3.6600E+00,+2.8733E+00,+2.7306E+00,+3.5612E+00
+3.6700E+00,+2.8721E+00,+2.7150E+00,+3.5612E+00
+3.6800E+00,+2.8724E+00,+2.7150E+00,+3.5628E+00
+3.6900E+00,+2.8717E+00,+2.6994E+00,+3.5612E+00
+3.7000E+00,+2.8724E+00,+2.6994E+00,+3.5628E+00
+3.7100E+00,+2.8724E+00,+2.6837E+00,+3.5597E+00
+3.7200E+00,+2.8730E+00,+2.6681E+00,+3.5628E+00
+3.7300E+00,+2.8724E+00,+2.6525E+00,+3.5597E+00
+3.7400E+00,+2.8727E+00,+2.6369E+00,+3.5628E+00
+3.7500E+00,+2.8727E+00,+2.6369E+00,+3.5612E+00
+3.7600E+00,+2.8724E+00,+2.6369E+00,+3.5612E+00
+3.7700E+00,+2.8717E+00,+2.6212E+00,+3.5597E+00
+3.7800E+00,+2.8727E+00,+2.6056E+00,+3.5628E+00
+3.7900E+00,+2.8727E+00,+2.6056E+00,+3.5612E+00
+3.8000E+00,+2.8736E+00,+2.5744E+00,+3.5581E+00
+3.8100E+00,+2.8714E+00,+2.6056E+00,+3.5628E+00
+3.8200E+00,+2.8724E+00,+2.5900E+00,+3.5612E+00
+3.8300E+00,+2.8721E+00,+2.5900E+00,+3.5612E+00
+3.8400E+00,+2.8727E+00,+2.5900E+00,+3.5612E+00
+3.8500E+00,+2.8717E+00,+2.5744E+00,+3.5612E+00
+3.8600E+00,+2.8727E+00,+2.5744E+00,+3.5612E+00
+3.8700E+00,+2.8721E+00,+2.5587E+00,+3.5612E+00
+3.8800E+00,+2.8717E+00,+2.5431E+00,+3.5612E+00
+3.8900E+00,+2.8717E+00,+2.5744E+00,+3.5581E+00
+3.9000E+00,+2.8721E+00,+2.5431E+00,+3.5612E+00
+3.9100E+00,+2.8721E+00,+2.5275E+00,+3.5597E+00
+3.9200E+00,+2.8721E+00,+2.5119E+00,+3.5612E+00
+3.9300E+00,+2.8721E+00,+2.5119E+00,+3.5597E+00
+3.9400E+00,+2.8727E+00,+2.5275E+00,+3.5581E+00
+3.9500E+00,+2.8717E+00,+2.5119E+00,+3.5566E+00
+3.9600E+00,+2.8724E+00,+2.5119E+00,+3.5612E+00
+3.9700E+00,+2.8717E+00,+2.5119E+00,+3.5597E+00
+3.9800E+00,+2.8724E+00,+2.4962E+00,+3.5612E+00
+3.9900E+00,+2.8714E+00,+2.5119E+00,+3.5612E+00
+4.0000E+00,+2.8717E+00,+2.5119E+00,+3.5612E+00
+4.0100E+00,+2.8721E+00,+2.5119E+00,+3.5597E+00
+4.0200E+00,+2.8730E+00,+2.5119E+00,+3.5597E+00
+4.0300E+00,+2.8724E+00,+2.5119E+00,+3.5581E+00
+4.0400E+00,+2.8730E+00,+2.5119E+00,+3.5566E+00
+4.0500E+00,+2.8721E+00,+2.5275E+00,+3.5597E+00
+4.0600E+00,+2.8717E+00,+2.5119E+00,+3.5612E+00
+4.0700E+00,+2.8721E+00,+2.5275E+00,+3.5612E+00
+4.0800E+00,+2.8721E+00,+2.5431E+00,+3.5597E+00
+4.0900E+00,+2.8717E+00,+2.5431E+00,+3.5581E+00
+4.1000E+00,+2.8727E+00,+2.5431E+00,+3.5597E+00
+4.1100E+00,+2.8730E+00,+2.5431E+00,+3.5566E+00
+4.1200E+00,+2.8730E+00,+2.5587E+00,+3.5581E+00
+4.1300E+00,+2.8721E+00,+2.5431E+00,+3.5581E+00
+4.1400E+00,+2.8721E+00,+2.5744E+00,+3.5581E+00
+4.1500E+00,+2.8708E+00,+2.5744E+00,+3.5566E+00
+4.1600E+00,+2.8721E+00,+2.5744E+00,+3.5550E+00
+4.1700E+00,+2.8711E+00,+2.5744E+00,+3.5534E+00
+4.1800E+00,+2.8721E+00,+2.6056E+00,+3.5550E+00
+4.1900E+00,+2.8714E+00,+2.5900E+00,+3.5550E+00
+4.2000E+00,+2.8717E+00,+2.5900E+00,+3.5566E+00
+4.2100E+00,+2.8721E+00,+2.5900E+00,+3.5581E+00
+4.2200E+00,+2.8724E+00,+2.6056E+00,+3.5581E+00
+4.2300E+00,+2.8721E+00,+2.6212E+00,+3.5566E+00
+4.2400E+00,+2.8727E+00,+2.6369E+00,+3.5503E+00
+4.2500E+00,+2.8717E+00,+2.6212E+00,+3.5550E+00
+4.2600E+00,+2.8714E+00,+2.6681E+00,+3.5581E+00
+4.2700E+00,+2.8724E+00,+2.6369E+00,+3.5550E+00
+4.2800E+00,+2.8721E+00,+2.6681E+00,+3.5519E+00
+4.2900E+00,+2.8727E+00,+2.6837E+00,+3.5519E+00
+4.3000E+00,+2.8717E+00,+2.6681E+00,+3.5503E+00
+4.3100E+00,+2.8721E+00,+2.6837E+00,+3.5519E+00
+4.3200E+00,+2.8714E+00,+2.6837E+00,+3.5519E+00
+4.3300E+00,+2.8717E+00,+2.7150E+00,+3.5519E+00
+4.3400E+00,+2.8721E+00,+2.7306E+00,+3.5519E+00
+4.3500E+00,+2.8717E+00,+2.7150E+00,+3.5519E+00
+4.3600E+00,+2.8724E+00,+2.7306E+00,+3.5534E+00
+4.3700E+00,+2.8721E+00,+2.7306E+00,+3.5534E+00
+4.3800E+00,+2.8727E+00,+2.7462E+00,+3.5519E+00
+4.3900E+00,+2.8721E+00,+2.7775E+00,+3.5534E+00
+4.4000E+00,+2.8724E+00,+2.7775E+00,+3.5534E+00
+4.4100E+00,+2.8717E+00,+2.7775E+00,+3.5503E+00
+4.4200E+00,+2.8721E+00,+2.7931E+00,+3.5534E+00
+4.4300E+00,+2.8721E+00,+2.8244E+00,+3.5503E+00
+4.4400E+00,+2.8721E+00,+2.8087E+00,+3.5534E+00
+4.4500E+00,+2.8721E+00,+2.8556E+00,+3.5519E+00
+4.4600E+00,+2.8727E+00,+2.8400E+00,+3.5519E+00
+4.4700E+00,+2.8721E+00,+2.8400E+00,+3.5519E+00
+4.4800E+00,+2.8711E+00,+2.8400E+00,+3.5519E+00
+4.4900E+00,+2.8721E+00,+2.8712E+00,+3.5534E+00
+4.5000E+00,+2.8714E+00,+2.8869E+00,+3.5503E+00
+4.5100E+00,+2.8714E+00,+2.8712E+00,+3.5519E+00
+4.5200E+00,+2.8714E+00,+2.8712E+00,+3.5487E+00
+4.5300E+00,+2.8721E+00,+2.8869E+00,+3.5519E+00
+4.5400E+00,+2.8717E+00,+2.9025E+00,+3.5534E+00
+4.5500E+00,+2.8721E+00,+2.9181E+00,+3.5534E+00
+4.5600E+00,+2.8721E+00,+2.9025E+00,+3.5519E+00
+4.5700E+00,+2.8721E+00,+2.9025E+00,+3.5566E+00
+4.5800E+00,+2.8724E+00,+2.9337E+00,+3.5550E+00
+4.5900E+00,+2.8721E+00,+2.9337E+00,+3.5550E+00
+4.6000E+00,+2.8724E+00,+2.9494E+00,+3.5566E+00
+4.6100E+00,+2.8721E+00,+2.9494E+00,+3.5519E+00
+4.6200E+00,+2.8714E+00,+2.9494E+00,+3.5519E+00
+4.6300E+00,+2.8721E+00,+2.9650E+00,+3.5534E+00
+4.6400E+00,+2.8721E+00,+2.9650E+00,+3.5550E+00
+4.6500E+00,+2.8721E+00,+2.9650E+00,+3.5550E+00
+4.6600E+00,+2.8717E+00,+2.9806E+00,+3.5566E+00
+4.6700E+00,+2.8721E+00,+2.9806E+00,+3.5534E+00
+4.6800E+00,+2.8727E+00,+2.9962E+00,+3.5581E+00
+4.6900E+00,+2.8721E+00,+2.9962E+00,+3.5566E+00
+4.7000E+00,+2.8721E+00,+3.0119E+00,+3.5550E+00
+4.7100E+00,+2.8714E+00,+2.9962E+00,+3.5566E+00
+4.7200E+00,+2.8727E+00,+2.9962E+00,+3.5566E+00
+4.7300E+00,+2.8721E+00,+3.0119E+00,+3.5550E+00
+4.7400E+00,+2.8730E+00,+3.0275E+00,+3.5550E+00
+4.7500E+00,+2.8714E+00,+3.0431E+00,+3.5550E+00
+4.7600E+00,+2.8721E+00,+3.0119E+00,+3.5550E+00
+4.7700E+00,+2.8717E+00,+3.0275E+00,+3.5566E+00
+4.7800E+00,+2.8724E+00,+3.0119E+00,+3.5550E+00
+4.7900E+00,+2.8717E+00,+3.0431E+00,+3.5581E+00
+4.8000E+00,+2.8724E+00,+3.0275E+00,+3.5581E+00
+4.8100E+00,+2.8711E+00,+3.0275E+00,+3.5581E+00
+4.8200E+00,+2.8721E+00,+3.0275E+00,+3.5550E+00
+4.8300E+00,+2.8717E+00,+3.0275E+00,+3.5566E+00
+4.8400E+00,+2.8730E+00,+3.0119E+00,+3.5581E+00
+4.8500E+00,+2.8721E+00,+3.0275E+00,+3.5597E+00
+4.8600E+00,+2.8727E+00,+3.0119E+00,+3.5566E+00
+4.8700E+00,+2.8721E+00,+3.0119E+00,+3.5534E+00
+4.8800E+00,+2.8724E+00,+3.0275E+00,+3.5597E+00
+4.8900E+00,+2.8721E+00,+3.0119E+00,+3.5581E+00
+4.9000E+00,+2.8727E+00,+3.0119E+00,+3.5597E+00
+4.9100E+00,+2.8721E+00,+3.0431E+00,+3.5597E+00
+4.9200E+00,+2.8727E+00,+3.0119E+00,+3.5597E+00
+4.9300E+00,+2.8717E+00,+2.9962E+00,+3.5612E+00
+4.9400E+00,+2.8727E+00,+3.0119E+00,+3.5597E+00
+4.9500E+00,+2.8721E+00,+2.9806E+00,+3.5612E+00
+4.9600E+00,+2.8724E+00,+2.9962E+00,+3.5581E+00
+4.9700E+00,+2.8717E+00,+3.0119E+00,+3.5597E+00
+4.9800E+00,+2.8727E+00,+2.9962E+00,+3.5597E+00
+4.9900E+00,+2.8717E+00,+2.9962E+00,+3.5612E+00
